{
	"info": {
		"_postman_id": "d080b64c-5556-4e26-bf8e-7a8667dcf619",
		"name": "C2M Batch APIs - Reference",
		"schema": "https://schema.getpostman.com/json/collection/v2.1.0/collection.json"
	},
	"item": [
		{
			"name": "/v1/batches",
			"event": [
				{
					"listen": "test",
					"script": {
						"exec": [
							"pm.test(\"Status test\", function () {",
							"    pm.response.to.have.status(201);",
							"",
							"    var responseJson = xml2Json(responseBody);",
							"",
							"    var hasErrors = responseJson[\"batchjob\"][\"hasErrors\"];",
							"    pm.expect(hasErrors).to.eql(\"false\");",
							"",
							"    var received = responseJson[\"batchjob\"][\"received\"];",
							"    pm.expect(received).to.eql(\"false\");",
							"",
							"    var submitted = responseJson[\"batchjob\"][\"submitted\"];",
							"    pm.expect(submitted).to.eql(\"false\");",
							"",
							"    var batchId = responseJson[\"batchjob\"][\"id\"];",
							"    pm.collectionVariables.set(\"batch-id\", batchId) ",
							"    tests[\"batchId = \" + batchId] = true; // this is for printing value to console",
							"    ",
							"});",
							"",
							"",
							""
						],
						"type": "text/javascript"
					}
				}
			],
			"request": {
				"auth": {
					"type": "basic",
					"basic": [
						{
							"key": "password",
							"value": "{{password}}",
							"type": "string"
						},
						{
							"key": "username",
							"value": "{{username}}",
							"type": "string"
						}
					]
				},
				"method": "POST",
				"header": [],
				"url": {
					"raw": "https://{{subdomain-batch}}.click2mail.com/v1/batches",
					"protocol": "https",
					"host": [
						"{{subdomain-batch}}",
						"click2mail",
						"com"
					],
					"path": [
						"v1",
						"batches"
					]
				}
			},
			"response": []
		},
		{
			"name": "/v1/batches/{{batch-id}} PDF",
			"event": [
				{
					"listen": "test",
					"script": {
						"exec": [
							"pm.test(\"Status test\", function () {",
							"    pm.response.to.have.status(200);",
							"});",
							"",
							"",
							""
						],
						"type": "text/javascript"
					}
				}
			],
			"protocolProfileBehavior": {
				"disabledSystemHeaders": {}
			},
			"request": {
				"auth": {
					"type": "basic",
					"basic": [
						{
							"key": "password",
							"value": "{{password}}",
							"type": "string"
						},
						{
							"key": "username",
							"value": "{{username}}",
							"type": "string"
						}
					]
				},
				"method": "PUT",
				"header": [],
				"body": {
					"mode": "file",
					"file": {
						"src": "batchTest.pdf"
					}
				},
				"url": {
					"raw": "https://{{subdomain-batch}}.click2mail.com/v1/batches/{{batch-id}}",
					"protocol": "https",
					"host": [
						"{{subdomain-batch}}",
						"click2mail",
						"com"
					],
					"path": [
						"v1",
						"batches",
						"{{batch-id}}"
					]
				}
			},
			"response": []
		},
		{
			"name": "/v1/batches/{{batch-id}} XML",
			"event": [
				{
					"listen": "test",
					"script": {
						"exec": [
							"pm.test(\"Status test\", function () {",
							"    pm.response.to.have.status(200);",
							"});",
							"",
							"",
							""
						],
						"type": "text/javascript"
					}
				}
			],
			"request": {
				"auth": {
					"type": "basic",
					"basic": [
						{
							"key": "password",
							"value": "{{password}}",
							"type": "string"
						},
						{
							"key": "username",
							"value": "{{username}}",
							"type": "string"
						}
					]
				},
				"method": "PUT",
				"header": [
					{
						"key": "Content-Type",
						"value": "application/xml",
						"type": "text"
					}
				],
				"body": {
					"mode": "file",
					"file": {
						"src": "batchTest.xml"
					}
				},
				"url": {
					"raw": "https://{{subdomain-batch}}.click2mail.com/v1/batches/{{batch-id}}",
					"protocol": "https",
					"host": [
						"{{subdomain-batch}}",
						"click2mail",
						"com"
					],
					"path": [
						"v1",
						"batches",
						"{{batch-id}}"
					]
				}
			},
			"response": []
		},
		{
			"name": "/v1/batches/{{batch-id}} Submit",
			"event": [
				{
					"listen": "test",
					"script": {
						"exec": [
							"pm.test(\"Status test\", function () {",
							"    pm.response.to.have.status(200);",
							"});",
							"",
							"",
							""
						],
						"type": "text/javascript"
					}
				}
			],
			"request": {
				"auth": {
					"type": "basic",
					"basic": [
						{
							"key": "password",
							"value": "{{password}}",
							"type": "string"
						},
						{
							"key": "username",
							"value": "{{username}}",
							"type": "string"
						}
					]
				},
				"method": "POST",
				"header": [],
				"url": {
					"raw": "https://{{subdomain-batch}}.click2mail.com/v1/batches/{{batch-id}}",
					"protocol": "https",
					"host": [
						"{{subdomain-batch}}",
						"click2mail",
						"com"
					],
					"path": [
						"v1",
						"batches",
						"{{batch-id}}"
					]
				}
			},
			"response": []
		},
		{
			"name": "/v1/batches/{{batch-id}} Status",
			"event": [
				{
					"listen": "test",
					"script": {
						"exec": [
							"pm.test(\"Status test\", function () {",
							"    pm.response.to.have.status(201);",
							"",
							"    var responseJson = xml2Json(responseBody);",
							"",
							"    var hasErrors = responseJson[\"batchjob\"][\"hasErrors\"];",
							"    pm.expect(hasErrors).to.eql(\"false\");",
							"",
							"    var received = responseJson[\"batchjob\"][\"received\"];",
							"    pm.expect(received).to.eql(\"true\");",
							"",
							"});",
							"",
							"",
							""
						],
						"type": "text/javascript"
					}
				}
			],
			"request": {
				"auth": {
					"type": "basic",
					"basic": [
						{
							"key": "password",
							"value": "{{password}}",
							"type": "string"
						},
						{
							"key": "username",
							"value": "{{username}}",
							"type": "string"
						}
					]
				},
				"method": "GET",
				"header": [],
				"url": {
					"raw": "https://{{subdomain-batch}}.click2mail.com/v1/batches/{{batch-id}}",
					"protocol": "https",
					"host": [
						"{{subdomain-batch}}",
						"click2mail",
						"com"
					],
					"path": [
						"v1",
						"batches",
						"{{batch-id}}"
					]
				}
			},
			"response": []
		},
		{
			"name": "/v1/batches/{{batch-id}}/details",
			"event": [
				{
					"listen": "test",
					"script": {
						"exec": [
							"pm.test(\"Status test\", function () {",
							"    pm.response.to.have.status(201);",
							"",
							"    var responseJson = xml2Json(responseBody);",
							"",
							"    var hasErrors = responseJson[\"batchjob\"][\"hasErrors\"];",
							"    pm.expect(hasErrors).to.eql(\"false\");",
							"",
							"    var received = responseJson[\"batchjob\"][\"received\"];",
							"    pm.expect(received).to.eql(\"true\");",
							"",
							"});",
							"",
							"",
							""
						],
						"type": "text/javascript"
					}
				}
			],
			"request": {
				"auth": {
					"type": "basic",
					"basic": [
						{
							"key": "password",
							"value": "{{password}}",
							"type": "string"
						},
						{
							"key": "username",
							"value": "{{username}}",
							"type": "string"
						}
					]
				},
				"method": "GET",
				"header": [],
				"url": {
					"raw": "https://{{subdomain-batch}}.click2mail.com/v1/batches/{{batch-id}}/details",
					"protocol": "https",
					"host": [
						"{{subdomain-batch}}",
						"click2mail",
						"com"
					],
					"path": [
						"v1",
						"batches",
						"{{batch-id}}",
						"details"
					]
				}
			},
			"response": []
		},
		{
			"name": "/v1/batches/{{batch-id}}/tracking",
			"event": [
				{
					"listen": "test",
					"script": {
						"exec": [
							"pm.test(\"Status test\", function () {",
							"    pm.response.to.have.status(201);",
							"",
							"    var responseJson = xml2Json(responseBody);",
							"",
							"    var hasErrors = responseJson[\"batchjob\"][\"hasErrors\"];",
							"    pm.expect(hasErrors).to.eql(\"false\");",
							"",
							"    var received = responseJson[\"batchjob\"][\"received\"];",
							"    pm.expect(received).to.eql(\"true\");",
							"",
							"});",
							"",
							"",
							""
						],
						"type": "text/javascript"
					}
				}
			],
			"request": {
				"auth": {
					"type": "basic",
					"basic": [
						{
							"key": "password",
							"value": "{{password}}",
							"type": "string"
						},
						{
							"key": "username",
							"value": "{{username}}",
							"type": "string"
						}
					]
				},
				"method": "GET",
				"header": [],
				"url": {
					"raw": "https://{{subdomain-batch}}.click2mail.com/v1/batches/{{batch-id}}/tracking?trackingType=impb",
					"protocol": "https",
					"host": [
						"{{subdomain-batch}}",
						"click2mail",
						"com"
					],
					"path": [
						"v1",
						"batches",
						"{{batch-id}}",
						"tracking"
					],
					"query": [
						{
							"key": "trackingType",
							"value": "impb"
						}
					]
				}
			},
			"response": []
		}
	],
	"event": [
		{
			"listen": "prerequest",
			"script": {
				"type": "text/javascript",
				"exec": [
					""
				]
			}
		},
		{
			"listen": "test",
			"script": {
				"type": "text/javascript",
				"exec": [
					""
				]
			}
		}
	],
	"variable": [
		{
			"key": "batch-id",
			"value": "0"
		}
	]
}