{
	"id": "060c6343-ef68-477b-8b86-68c851914577",
	"name": "stage_user",
	"values": [
		{
			"key": "subdomain",
			"value": "stage-rest",
			"enabled": true
		},
		{
			"key": "username",
			"value": "xxxxxxx",
			"enabled": true
		},
		{
			"key": "password",
			"value": "xxxxxxxx",
			"enabled": true
		},
		{
			"key": "subdomain-batch",
			"value": "stage-batch",
			"enabled": true
		},
		{
			"key": "loginURL",
			"value": "stage.click2mail.com",
			"enabled": true
		},
		{
			"key": "addressMappingID",
			"value": "1",
			"enabled": true
		}
	],
	"_postman_variable_scope": "environment",
	"_postman_exported_at": "2021-07-08T14:37:25.550Z",
	"_postman_exported_using": "Postman/8.1.0"
}